Rank,teamId,teamImageId,teamFullName,Team,teamAbbrevName,teamShortName,leagueId,leagueName,GM,SubOn,SubOff,GWG,SOG,SOTInBox,SOTOBox,BlkdInBox,BlkdOutBox,OFF,OffTgtOBox,OffTgtInBox,PenTaken,PenGoal,ShotDirFK,GoalDirFK,GoalInBx,GoalOBx,GoalOP,GoalHead,OfTgHd,SOTHead,GoalLF,GoalRF,ShotLF,ShotRF,PsOpHfFl,PsOnHfFl,PsAtt,PsOnHfScs,PsOpHfScs,ExpG,Goal,Ast,ExpA,BgChnc,BgChncCrtd,ChncSetPl,ChncOpnPl,Chance,1v1,1v1InBox,Scs1v1InBox,SucflDuels,Success1v1,ThrghBalls,ThrghBlCmp,Touches,DuelLs,FailTackle,SucflTkls,Int,DefTouch,SucflTklPct,Clrnce,HeadClear,Recovery,FlComA3,FlComD3,FlComM3,FlSufA3,FlSufD3,FlSufM3,Offsides,CleanSheet,CrossPunch,ErrGoal,ErrShot,Cleared,KeeperCtch,GoalCncd,GoalCnIBx,GoalCnOBx,PensWon,Saves,SvBody,SvCght,SvClct,SvDive,SvFeet,SvFTip,SvHands,SvInBox,SvOutBox,SvPrdDng,SvPrdSaf,SvReach,SvStand,SvStoop,2ndYellow,Red,Yellow,BgChncFace,Turnover,Disposs,TchsA3,TchsD3,TchsM3,TouchOpBox,PctPassFwd,PassSucPct,PsCmpM3,PsCmpA3,PsCmpD3,PsAttA3,PsAttM3,PsAttD3,AerialSucPct,Aerials,ExpGAg,BgChncGoal,Crosses,DefTouchD3,DefTouchD3,DefTouchM3,DefTouchA3,OpenPlayxG,SetPiecexG,OpenPlayxG,SetPiecexG,NonPenxG,KeyPasses,DefBlocks,xGPerShot,ShotsTotal,CrossScsPct,CrossScsPctOpnPl,PctRegainsWithin6S,RecoveriesOppositionHalf,OpponentPossessionsStartingAndEndingInTheirOwnHalf,ConcededPassesIntoBox,PassesIntoBox,ConcededPassesIntoBox,optaTeamId,Week,game,Home,Away,Win,Draw,Loss,Date,gameId,opponentId,opponentTeamImageId,oppOptaTeamId,teamFullName,opponentFullName,opponent,score,finalScoreOpponent,gameStatus,Result,scatterId,scatterExtra
1,b3436h8h14zw7f1uv6w9vqf6y,15380,Pacific,Pacific,PAC,Pacific,6lkj3o21cr4g7bql6tb3fk222,Canadian Premier League (Canada),1,5,5,1,8,7,1,2,2,9,3,5,1,0,0,0,3,0,3,1,2,1,2,0,10,4,54,14,588,360,160,4,3,3,3.47,8,6,2,15,17,17,4,2,56,8,4,4,788,61,10,17,10,53,64.30%,16,7,57,6,7,6,3,3,6,2,0,0,0,0,2,2,2,2,0,1,1,0,0,1,0,0,0,1,1,0,0,0,0,1,0,0,0,1,1,4,15,162,304,322,29,26.50%,88.40%,231,67,222,82,263,243,56.30%,16,0.31,3,21,33,33,15,5,2.91,1.09,2.91,1.09,3.73,14,0,0.19,21,0.48,0.43,55.60%,28,15,8,16,8,15380,,PAC vs VAL,TRUE,FALSE,TRUE,FALSE,FALSE,4/17/2022,7tnrk7s1kn6cat4od23gqvl04,dd2vf0yzjm7jm7cak9tf11sa2,15378,15378,Pacific,Valour,VAL,3,2,Played,W 3-2,2276223,PAC vs VAL (2022-04-17)
2,dn8tjhuq0bax4dgixqvluhzze,16614,Atlético Ottawa,Atlético Ottawa,ATO,Atlético,6lkj3o21cr4g7bql6tb3fk222,Canadian Premier League (Canada),1,5,5,0,11,11,0,2,4,5,2,1,0,0,0,0,0,0,0,0,2,3,0,0,4,7,58,26,331,134,113,1.49,0,0,1.24,3,3,8,8,16,13,1,0,55,8,0,0,525,45,7,14,14,47,60.00%,12,10,64,2,1,7,2,3,6,3,0,0,0,0,0,1,1,1,0,0,1,0,0,0,0,0,0,1,1,0,0,1,0,1,0,0,0,1,2,2,8,117,178,230,27,43.50%,74.60%,126,36,85,49,166,116,57.70%,26,1.22,0,17,31,31,14,2,0.93,0.56,0.93,0.56,1.49,16,3,0.07,22,0.29,0,42.90%,10,25,11,19,11,16614,,ATO vs PAC,TRUE,FALSE,FALSE,FALSE,TRUE,5/7/2022,7v9u5fh5vipqr6u1sv48vh2j8,b3436h8h14zw7f1uv6w9vqf6y,15380,15380,Atlético Ottawa,Pacific,PAC,0,1,Played,L 0-1,2276236,ATO vs PAC (2022-05-07)
3,c2pdzdl3dgf5b0siidn2ay5ii,15377,Forge,Forge,FOR,Forge,6lkj3o21cr4g7bql6tb3fk222,Canadian Premier League (Canada),1,4,4,0,5,4,1,5,4,3,0,2,0,0,0,0,0,1,1,0,2,0,0,1,2,4,44,14,508,200,250,1.58,1,1,1.01,3,2,4,9,13,19,1,0,51,11,1,0,715,46,5,10,7,30,62.50%,8,2,46,6,1,8,4,4,7,3,0,0,0,0,0,0,1,1,0,0,1,0,0,0,1,0,0,1,1,0,1,0,0,0,0,0,0,3,1,2,6,237,152,326,41,29.90%,88.60%,250,103,97,124,273,111,50.00%,20,0.54,0,42,15,15,12,3,0.78,0.8,0.78,0.8,1.58,12,1,0.09,17,0.21,0.16,53.80%,19,12,14,30,14,15377,,FOR vs ATO,TRUE,FALSE,FALSE,TRUE,FALSE,5/14/2022,7ve593zeywji6ty225c3mb9ck,dn8tjhuq0bax4dgixqvluhzze,16614,16614,Forge,Atlético Ottawa,ATO,1,1,Played,T 1-1,2276237,FOR vs ATO (2022-05-14)
3,cqthcpums3aas2tdy0qhlkuwa,15382,York United,York United,YRK,York,6lkj3o21cr4g7bql6tb3fk222,Canadian Premier League (Canada),1,3,3,1,7,4,3,1,0,9,1,5,0,0,2,0,1,1,2,1,2,2,0,1,5,7,52,21,314,134,107,1.17,2,2,1.06,1,1,4,9,13,20,0,0,60,12,0,0,510,50,9,11,10,50,74.10%,19,10,63,6,1,6,4,5,7,0,1,0,0,0,0,0,0,0,0,0,0,0,0,0,0,0,0,0,0,0,0,0,0,0,0,0,0,3,1,4,8,116,175,219,21,38.20%,76.80%,140,29,72,43,171,100,42.90%,28,1.1,0,21,38,38,12,0,0.5,0.67,0.5,0.67,1.17,11,2,0.07,17,0.24,0.15,27.60%,9,20,14,14,14,15382,,YRK vs CAV,TRUE,FALSE,TRUE,FALSE,FALSE,4/22/2022,7trwq4h9nn6ifmk2gistxo5ck,41ewt71n8fqwy6trsqta1bjvu,15381,15381,York United,Cavalry,CAV,2,0,Played,W 2-0,2276224,YRK vs CAV (2022-04-22)
3,41ewt71n8fqwy6trsqta1bjvu,15381,Cavalry,Cavalry,CAV,Cavalry,6lkj3o21cr4g7bql6tb3fk222,Canadian Premier League (Canada),1,2,2,0,4,3,1,3,0,9,3,2,0,0,2,0,0,0,0,0,2,1,0,0,5,5,61,18,459,198,182,1.34,0,0,1.2,0,0,6,7,13,16,1,0,49,9,1,0,675,49,9,6,15,44,75.00%,13,4,57,2,2,11,4,2,6,0,0,0,0,0,0,1,1,1,0,0,3,0,0,2,1,0,0,3,2,1,1,0,0,1,1,0,0,4,1,2,10,171,127,377,32,33.10%,82.80%,259,58,63,72,308,79,46.40%,28,1.67,0,36,24,24,18,2,0.69,0.66,0.69,0.66,1.34,13,3,0.08,16,0.28,0.17,31.10%,14,13,5,26,5,15381,,ATO vs CAV,FALSE,TRUE,FALSE,FALSE,TRUE,4/9/2022,7svngikxjdp572w3h94c27hg4,dn8tjhuq0bax4dgixqvluhzze,16614,16614,Cavalry,Atlético Ottawa,ATO,0,1,Played,L 0-1,2276217,ATO vs CAV (2022-04-09)
6,73xrv2025rnj0t3y9ayp83bec,6925,Edmonton,Edmonton,EDM,Edmonton,6lkj3o21cr4g7bql6tb3fk222,Canadian Premier League (Canada),1,5,5,0,1,0,1,1,1,9,1,6,0,0,0,0,0,0,0,0,4,0,0,0,3,3,49,26,309,136,98,0.44,0,0,0.4,0,0,2,9,11,17,1,0,56,11,1,1,495,45,8,14,6,39,66.70%,11,3,49,3,4,5,1,5,8,2,0,1,0,0,1,0,3,2,1,0,5,0,1,2,1,1,0,4,4,1,2,0,0,1,2,0,0,1,5,2,7,91,191,213,15,40.80%,75.70%,118,34,82,40,152,117,47.40%,19,1.4,0,12,31,31,7,1,0.34,0.1,0.34,0.1,0.44,11,2,0.04,12,0.5,0.5,14.30%,11,21,17,12,17,6925,,EDM vs CAV,TRUE,FALSE,FALSE,FALSE,TRUE,5/7/2022,7v1exwbamyw4d18c7jr6a7b4k,41ewt71n8fqwy6trsqta1bjvu,15381,15381,Edmonton,Cavalry,CAV,0,3,Played,L 0-3,2276234,EDM vs CAV (2022-05-07)
6,cqthcpums3aas2tdy0qhlkuwa,15382,York United,York United,YRK,York,6lkj3o21cr4g7bql6tb3fk222,Canadian Premier League (Canada),1,4,4,0,7,2,5,2,2,3,0,2,0,0,1,0,0,1,1,0,1,1,0,1,5,3,67,27,470,208,168,1.45,1,1,1.3,2,2,3,8,11,25,1,1,63,10,0,0,699,45,8,20,13,58,77.80%,16,5,68,2,2,6,1,3,9,4,0,1,0,0,2,2,1,1,0,0,3,0,0,2,0,0,0,3,0,3,0,1,1,0,2,0,0,5,0,4,4,151,218,330,16,35.30%,80.00%,210,50,116,60,262,148,52.20%,23,0.4,0,26,35,35,17,6,0.64,0.82,0.64,0.82,1.45,10,1,0.1,14,0.27,0.2,40.00%,14,24,9,19,9,15382,,EDM vs YRK,FALSE,TRUE,FALSE,TRUE,FALSE,4/16/2022,7tau4kgx1n5aze0tnawvhyq6s,73xrv2025rnj0t3y9ayp83bec,6925,6925,York United,Edmonton,EDM,1,1,Played,T 1-1,2276220,EDM vs YRK (2022-04-16)
6,cqthcpums3aas2tdy0qhlkuwa,15382,York United,York United,YRK,York,6lkj3o21cr4g7bql6tb3fk222,Canadian Premier League (Canada),1,3,3,0,3,2,1,1,2,8,2,3,1,0,0,0,0,0,0,0,2,0,0,0,2,7,70,38,296,98,90,1.58,0,0,0.73,1,0,5,6,11,17,1,1,46,10,3,0,503,58,3,12,13,43,53.60%,14,6,61,5,2,10,2,4,5,2,0,0,0,0,1,3,1,0,1,1,3,0,0,2,1,0,0,3,2,1,0,1,0,1,1,0,0,4,0,4,9,119,177,207,19,46.60%,63.50%,102,20,66,43,145,108,40.00%,25,0.52,0,19,22,22,19,2,0.37,1.21,0.37,1.21,0.79,11,2,0.11,14,0.32,0.18,52.20%,20,38,23,21,23,15382,,VAL vs YRK,FALSE,TRUE,FALSE,FALSE,TRUE,5/15/2022,7vr03vkxl0logctgpffg250yc,dd2vf0yzjm7jm7cak9tf11sa2,15378,15378,York United,Valour,VAL,0,1,Played,L 0-1,2276240,VAL vs YRK (2022-05-15)
6,dd2vf0yzjm7jm7cak9tf11sa2,15378,Valour,Valour,VAL,Valour,6lkj3o21cr4g7bql6tb3fk222,Canadian Premier League (Canada),1,2,2,0,5,3,2,4,1,8,3,2,0,0,0,0,1,1,1,0,1,1,1,1,2,9,62,20,350,168,100,2.75,2,1,1.74,0,0,3,8,11,8,0,0,42,5,0,0,537,53,8,6,9,49,77.80%,24,12,40,4,5,9,3,1,7,1,0,2,0,0,0,0,2,1,1,0,2,0,0,2,0,0,0,1,1,1,0,0,0,1,1,0,0,3,1,2,18,116,191,230,21,39.10%,76.60%,134,33,101,47,174,129,50.00%,24,0.82,0,19,34,34,12,3,1.01,1.74,1.01,1.74,2.75,10,4,0.15,18,0.26,0.3,32.40%,9,15,13,11,13,15378,,PAC vs VAL,FALSE,TRUE,FALSE,TRUE,FALSE,5/28/2022,7wbfumbhncegii9hi6bdw2zv8,b3436h8h14zw7f1uv6w9vqf6y,15380,15380,Valour,Pacific,PAC,2,2,Played,T 2-2,2276245,PAC vs VAL (2022-05-28)
6,dn8tjhuq0bax4dgixqvluhzze,16614,Atlético Ottawa,Atlético Ottawa,ATO,Atlético,6lkj3o21cr4g7bql6tb3fk222,Canadian Premier League (Canada),1,5,5,1,5,5,0,3,2,4,1,2,1,1,0,0,2,0,1,0,1,0,0,2,2,6,67,32,335,136,100,2.54,2,1,1.66,4,3,2,9,11,19,4,2,50,9,2,2,514,57,10,11,10,50,55.30%,18,9,50,4,3,6,3,1,8,2,0,0,0,0,0,1,1,1,0,1,2,0,0,2,1,0,0,2,1,1,0,0,0,1,0,0,0,1,2,0,7,128,203,183,28,42.70%,70.40%,96,46,94,64,136,135,47.40%,19,1.16,2,12,37,37,10,3,1.72,0.81,1.72,0.81,1.75,10,3,0.18,14,0.25,0,40.00%,12,20,17,14,17,16614,,EDM vs ATO,FALSE,TRUE,TRUE,FALSE,FALSE,5/22/2022,7w3cr8d8o97ighxffac7o2qdw,73xrv2025rnj0t3y9ayp83bec,6925,6925,Atlético Ottawa,Edmonton,EDM,2,1,Played,W 2-1,2276243,EDM vs ATO (2022-05-22)
11,c2pdzdl3dgf5b0siidn2ay5ii,15377,Forge,Forge,FOR,Forge,6lkj3o21cr4g7bql6tb3fk222,Canadian Premier League (Canada),1,5,5,1,10,8,2,1,1,6,4,0,0,0,0,0,4,0,4,1,2,1,1,2,5,8,48,21,428,161,198,3.11,4,3,1.7,3,2,2,8,10,29,3,1,59,16,0,0,651,50,7,17,12,40,88.90%,3,2,65,4,0,6,5,5,5,4,1,0,0,0,0,0,0,0,0,0,2,0,0,1,1,0,0,2,1,1,0,1,0,0,1,0,0,3,0,2,18,232,181,238,35,32.90%,83.90%,153,104,102,127,175,126,33.30%,12,0.29,3,22,19,19,18,3,2.29,0.82,2.29,0.82,3.11,7,1,0.17,18,0.09,0,34.10%,20,22,6,22,6,15377,,HFX vs FOR,FALSE,TRUE,TRUE,FALSE,FALSE,5/20/2022,7w7dgxwol442zyz8grc7u1ams,5gmx3o5y2oc0i6rowjwtu7jvu,15376,15376,Forge,HFX Wanderers,HFX,4,0,Played,W 4-0,2276244,HFX vs FOR (2022-05-20)
11,cqthcpums3aas2tdy0qhlkuwa,15382,York United,York United,YRK,York,6lkj3o21cr4g7bql6tb3fk222,Canadian Premier League (Canada),1,5,5,0,1,0,1,2,7,3,1,1,0,0,0,0,0,0,0,0,0,0,0,0,2,2,69,22,357,160,106,0.67,0,0,0.47,1,1,1,9,10,21,2,1,58,12,0,0,565,49,5,11,13,53,53.30%,23,10,52,5,4,7,2,5,9,1,1,0,0,0,0,2,0,0,0,0,3,0,0,2,0,0,1,3,0,3,0,0,1,0,2,0,0,1,0,4,7,120,221,224,15,36.10%,74.50%,127,33,106,55,162,140,66.70%,21,0.38,0,18,34,34,16,3,0.54,0.13,0.54,0.13,0.67,10,2,0.05,13,0.06,0.08,43.20%,10,18,17,10,17,15382,,PAC vs YRK,FALSE,TRUE,FALSE,TRUE,FALSE,5/21/2022,7vv5bqozh7lrbsj0ahldextlg,b3436h8h14zw7f1uv6w9vqf6y,15380,15380,York United,Pacific,PAC,0,0,Played,T 0-0,2276241,PAC vs YRK (2022-05-21)
11,5gmx3o5y2oc0i6rowjwtu7jvu,15376,HFX Wanderers,HFX Wanderers,HFX,Wanderers,6lkj3o21cr4g7bql6tb3fk222,Canadian Premier League (Canada),1,4,4,0,6,4,2,1,1,8,5,2,0,0,0,0,0,0,0,0,1,0,0,0,5,8,62,37,384,164,121,1.45,0,0,0.77,0,0,1,9,10,12,0,0,61,8,3,1,590,55,11,11,10,44,73.30%,11,7,70,3,3,7,1,6,5,2,1,2,0,0,1,0,0,0,0,0,3,0,1,1,1,0,0,3,2,1,1,0,0,1,1,0,0,3,0,0,17,117,242,231,24,44.30%,74.20%,129,34,122,47,173,164,59.40%,32,0.62,0,12,29,29,11,4,1.07,0.38,1.07,0.38,1.45,10,6,0.09,16,0.17,0.2,34.20%,19,25,19,21,19,15376,,VAL vs HFX,FALSE,TRUE,FALSE,TRUE,FALSE,5/7/2022,7v5k14cw4jq747xcvp00ya13o,dd2vf0yzjm7jm7cak9tf11sa2,15378,15378,HFX Wanderers,Valour,VAL,0,0,Played,T 0-0,2276235,VAL vs HFX (2022-05-07)
11,5gmx3o5y2oc0i6rowjwtu7jvu,15376,HFX Wanderers,HFX Wanderers,HFX,Wanderers,6lkj3o21cr4g7bql6tb3fk222,Canadian Premier League (Canada),1,3,3,1,2,2,0,3,2,5,1,2,1,1,0,0,1,0,0,0,1,1,0,1,2,3,69,24,368,170,105,1.62,1,0,0.82,1,0,4,6,10,21,1,0,65,11,0,0,580,43,10,10,13,58,80.00%,23,15,59,5,2,5,4,6,5,2,1,0,0,0,0,1,0,0,0,1,0,0,0,0,0,0,0,0,0,0,0,0,0,0,0,0,0,3,1,0,10,130,225,225,21,44.30%,74.70%,123,39,113,55,163,150,67.90%,28,0.56,1,10,38,38,12,8,0.23,1.39,0.23,1.39,0.83,10,3,0.14,12,0.4,0,44.90%,18,20,15,18,15,15376,,HFX vs YRK,TRUE,FALSE,TRUE,FALSE,FALSE,6/4/2022,7wtvfsqbligsp1ot5eov65tec,cqthcpums3aas2tdy0qhlkuwa,15382,15382,HFX Wanderers,York United,YRK,1,0,Played,W 1-0,2276249,HFX vs YRK (2022-06-04)
11,5gmx3o5y2oc0i6rowjwtu7jvu,15376,HFX Wanderers,HFX Wanderers,HFX,Wanderers,6lkj3o21cr4g7bql6tb3fk222,Canadian Premier League (Canada),1,4,4,0,6,3,3,0,0,6,4,2,0,0,0,0,0,0,0,0,2,0,0,0,4,6,45,30,441,170,196,0.84,0,0,0.76,0,0,0,10,10,15,0,0,45,5,0,0,615,39,9,13,6,39,81.50%,11,6,38,2,4,4,2,1,4,2,0,0,0,1,1,0,1,1,0,0,2,0,1,0,0,0,0,2,1,1,1,0,0,1,1,0,0,2,1,0,6,155,165,295,16,34.70%,83.00%,199,79,88,90,239,112,57.90%,19,1.52,0,24,22,22,14,3,0.84,0,0.84,0,0.84,10,5,0.07,12,0.25,0.35,17.90%,5,14,18,13,18,15376,,CAV vs HFX,FALSE,TRUE,FALSE,FALSE,TRUE,6/11/2022,7x6a13297w4yer6wc2w65wphw,41ewt71n8fqwy6trsqta1bjvu,15381,15381,HFX Wanderers,Cavalry,CAV,0,1,Played,L 0-1,2276252,CAV vs HFX (2022-06-11)
11,dd2vf0yzjm7jm7cak9tf11sa2,15378,Valour,Valour,VAL,Valour,6lkj3o21cr4g7bql6tb3fk222,Canadian Premier League (Canada),1,4,4,0,3,1,2,2,3,7,3,2,0,0,0,0,0,1,1,0,1,0,1,0,3,6,65,23,459,201,170,1.03,1,1,0.92,2,1,2,8,10,27,5,1,54,6,3,0,670,54,14,18,6,48,78.00%,9,3,76,4,1,5,2,2,6,5,0,0,0,0,0,0,1,1,0,0,2,0,0,2,0,0,0,2,2,0,0,0,0,1,1,0,0,2,1,4,3,165,165,340,26,37.50%,80.80%,216,53,102,75,260,124,31.60%,19,1.19,0,20,23,23,24,1,0.83,0.19,0.83,0.19,1.03,9,1,0.07,15,0.2,0.18,51.10%,22,25,7,23,7,15378,,EDM vs VAL,FALSE,TRUE,FALSE,TRUE,FALSE,4/10/2022,7t13lsa9fnok0ki08pgmy4a38,73xrv2025rnj0t3y9ayp83bec,6925,6925,Valour,Edmonton,EDM,1,1,Played,T 1-1,2276218,EDM vs VAL (2022-04-10)
11,dd2vf0yzjm7jm7cak9tf11sa2,15378,Valour,Valour,VAL,Valour,6lkj3o21cr4g7bql6tb3fk222,Canadian Premier League (Canada),1,3,3,1,9,8,1,3,1,7,2,3,1,1,0,0,5,1,4,1,2,1,0,5,1,12,40,25,430,266,99,3.82,6,2,0.89,5,1,3,7,10,23,1,1,42,8,0,0,594,48,4,8,8,36,66.70%,14,6,51,1,2,12,3,4,6,1,0,0,0,0,0,0,1,1,0,1,2,0,0,1,1,0,0,2,1,1,0,1,0,1,0,0,0,2,0,4,7,109,241,244,25,30.50%,84.90%,167,38,160,47,193,190,56.30%,16,0.75,3,10,24,24,12,0,2.56,1.25,2.56,1.25,3.03,8,3,0.19,20,0.4,0.17,42.30%,9,29,13,12,13,15378,,ATO vs VAL,FALSE,TRUE,TRUE,FALSE,FALSE,4/24/2022,7u4m1n8m79feixw87wrpd6vis,dn8tjhuq0bax4dgixqvluhzze,16614,16614,Valour,Atlético Ottawa,ATO,6,1,Played,W 6-1,2276227,ATO vs VAL (2022-04-24)
11,41ewt71n8fqwy6trsqta1bjvu,15381,Cavalry,Cavalry,CAV,Cavalry,6lkj3o21cr4g7bql6tb3fk222,Canadian Premier League (Canada),1,3,3,1,4,3,1,1,3,4,2,2,0,0,1,0,1,0,0,0,0,0,0,1,4,4,45,14,482,275,148,1.52,1,1,1.3,1,1,3,7,10,14,1,0,39,5,1,0,668,45,6,10,4,43,76.20%,23,12,46,1,2,4,4,2,4,3,1,0,0,0,1,0,0,0,0,0,6,0,0,5,3,0,0,6,3,3,0,1,0,0,3,0,0,4,0,2,14,148,261,259,19,30.70%,87.80%,174,69,180,84,196,202,42.10%,19,0.84,0,15,29,29,12,2,1.3,0.21,1.3,0.21,1.52,9,0,0.13,12,0.33,0.36,21.20%,13,11,13,18,13,15381,,CAV vs HFX,TRUE,FALSE,TRUE,FALSE,FALSE,6/11/2022,7x6a13297w4yer6wc2w65wphw,5gmx3o5y2oc0i6rowjwtu7jvu,15376,15376,Cavalry,HFX Wanderers,HFX,1,0,Played,W 1-0,2276252,CAV vs HFX (2022-06-11)
11,dn8tjhuq0bax4dgixqvluhzze,16614,Atlético Ottawa,Atlético Ottawa,ATO,Atlético,6lkj3o21cr4g7bql6tb3fk222,Canadian Premier League (Canada),1,5,5,1,4,3,1,2,2,6,2,1,0,0,0,0,2,0,2,0,2,0,1,1,3,5,50,17,444,196,181,2.01,2,2,1.49,2,2,2,8,10,21,2,1,41,8,1,0,631,52,4,10,5,34,77.80%,15,7,56,5,1,6,0,0,7,6,0,0,0,0,1,1,1,1,0,0,1,0,0,0,0,0,0,1,0,1,0,1,0,1,0,0,0,2,1,2,11,158,198,275,27,32.40%,84.90%,195,59,123,73,227,144,46.20%,26,0.52,2,19,23,23,10,1,1.46,0.56,1.46,0.56,2.01,8,2,0.14,14,0.32,0.24,42.20%,17,18,8,14,8,16614,,ATO vs PAC,TRUE,FALSE,TRUE,FALSE,FALSE,6/5/2022,7wy39t7s4ahfcd8vhnv13q2hg,b3436h8h14zw7f1uv6w9vqf6y,15380,15380,Atlético Ottawa,Pacific,PAC,2,1,Played,W 2-1,2276250,ATO vs PAC (2022-06-05)
20,c2pdzdl3dgf5b0siidn2ay5ii,15377,Forge,Forge,FOR,Forge,6lkj3o21cr4g7bql6tb3fk222,Canadian Premier League (Canada),1,3,3,0,3,3,0,0,1,9,4,4,0,0,2,0,1,0,0,1,2,1,0,0,4,5,71,24,527,242,190,1.16,1,1,0.99,2,2,2,7,9,33,4,2,49,14,0,0,743,56,2,5,9,19,46.70%,3,2,62,3,4,3,5,3,9,1,0,0,0,0,0,0,2,2,0,0,3,1,0,1,3,0,0,2,2,1,2,0,0,0,0,0,0,1,2,8,9,186,181,376,25,32.30%,82.00%,243,67,122,87,294,146,44.00%,25,1.19,0,26,6,6,9,4,0.81,0.36,0.81,0.36,1.16,8,2,0.09,13,0.19,0.15,65.20%,25,13,8,16,8,15377,,PAC vs FOR,FALSE,TRUE,FALSE,FALSE,TRUE,4/10/2022,7t6qnou0e2gtfpj8k9tq70x04,b3436h8h14zw7f1uv6w9vqf6y,15380,15380,Forge,Pacific,PAC,1,2,Played,L 1-2,2276219,PAC vs FOR (2022-04-10)
20,cqthcpums3aas2tdy0qhlkuwa,15382,York United,York United,YRK,York,6lkj3o21cr4g7bql6tb3fk222,Canadian Premier League (Canada),1,5,5,0,3,3,0,1,1,6,3,2,1,1,0,0,2,0,0,0,1,1,0,2,1,6,71,14,533,224,224,1.53,2,0,0.68,2,1,2,7,9,28,4,1,63,12,2,0,727,56,11,18,6,38,76.30%,3,0,57,4,1,12,3,3,7,0,0,0,1,0,1,0,2,2,0,1,1,0,0,0,0,0,0,1,0,1,1,0,0,0,1,0,1,2,2,6,10,194,143,390,23,31.90%,84.10%,275,67,106,93,325,115,52.90%,17,0.79,1,21,8,8,24,6,0.64,0.89,0.64,0.89,0.74,9,1,0.14,11,0.43,0.33,48.90%,15,9,5,25,5,15382,,YRK vs ATO,TRUE,FALSE,FALSE,TRUE,FALSE,4/29/2022,7ud9jfd1i3ydlzce7aiua7x90,dn8tjhuq0bax4dgixqvluhzze,16614,16614,York United,Atlético Ottawa,ATO,2,2,Played,T 2-2,2276229,YRK vs ATO (2022-04-29)
20,cqthcpums3aas2tdy0qhlkuwa,15382,York United,York United,YRK,York,6lkj3o21cr4g7bql6tb3fk222,Canadian Premier League (Canada),1,3,3,0,1,1,0,1,0,9,2,5,0,0,0,0,0,0,0,0,2,0,0,0,2,6,48,11,388,210,119,1.71,0,0,1.63,2,2,2,7,9,21,1,1,48,7,1,1,578,54,8,11,7,37,61.30%,10,4,49,6,1,8,1,3,8,2,0,0,0,0,0,1,1,1,0,0,2,0,0,2,0,0,0,2,1,1,0,0,0,1,1,1,0,6,2,2,8,119,208,251,20,35.80%,84.80%,165,29,135,40,199,149,62.50%,16,1.76,0,23,26,26,9,2,1.66,0.05,1.66,0.05,1.71,9,2,0.16,11,0.39,0.35,42.90%,13,12,16,8,16,15382,,YRK vs CAV,TRUE,FALSE,FALSE,FALSE,TRUE,5/29/2022,7wfk5kdm927rshfkuvaw1tvkk,41ewt71n8fqwy6trsqta1bjvu,15381,15381,York United,Cavalry,CAV,0,1,Played,L 0-1,2276246,YRK vs CAV (2022-05-29)
20,5gmx3o5y2oc0i6rowjwtu7jvu,15376,HFX Wanderers,HFX Wanderers,HFX,Wanderers,6lkj3o21cr4g7bql6tb3fk222,Canadian Premier League (Canada),1,4,4,0,5,3,2,0,0,4,3,0,0,0,0,0,0,0,0,0,1,0,0,0,1,7,52,22,515,239,202,1.05,0,0,1.1,2,2,1,8,9,24,0,0,41,12,0,0,696,39,2,10,9,40,75.00%,18,11,57,4,3,10,0,1,8,5,0,0,0,0,0,1,1,1,0,0,2,0,0,1,2,0,0,2,1,1,0,1,0,0,0,0,0,3,0,2,3,95,197,404,10,31.10%,85.60%,297,40,104,54,336,125,61.50%,13,0.7,0,11,32,32,7,1,1.04,0.01,1.04,0.01,1.05,9,1,0.12,9,0.18,0.25,33.30%,15,17,8,11,8,15376,,ATO vs HFX,FALSE,TRUE,FALSE,FALSE,TRUE,4/16/2022,7tezpc35kcxh7vuq3gncvjvo4,dn8tjhuq0bax4dgixqvluhzze,16614,16614,HFX Wanderers,Atlético Ottawa,ATO,0,1,Played,L 0-1,2276221,ATO vs HFX (2022-04-16)
20,5gmx3o5y2oc0i6rowjwtu7jvu,15376,HFX Wanderers,HFX Wanderers,HFX,Wanderers,6lkj3o21cr4g7bql6tb3fk222,Canadian Premier League (Canada),1,5,5,1,6,6,0,3,0,7,3,1,1,1,1,0,3,0,2,0,1,2,0,3,4,6,70,27,482,221,164,2.85,3,1,1.61,2,1,4,5,9,13,0,0,65,8,1,1,700,47,11,17,11,50,75.70%,9,2,51,2,3,6,7,4,4,3,0,0,0,0,0,1,1,1,0,1,2,0,0,1,1,0,0,2,1,1,0,1,0,0,1,0,0,2,1,2,14,166,235,299,23,34.60%,79.90%,187,61,137,85,232,165,53.80%,26,1.01,2,20,27,27,20,3,0.7,2.15,0.7,2.15,2.07,8,4,0.18,16,0.2,0,53.70%,13,19,10,24,10,15376,,HFX vs EDM,TRUE,FALSE,TRUE,FALSE,FALSE,4/30/2022,7uhzvzsjqt3x7sbx714u496ok,73xrv2025rnj0t3y9ayp83bec,6925,6925,HFX Wanderers,Edmonton,EDM,3,1,Played,W 3-1,2276230,HFX vs EDM (2022-04-30)
20,dn8tjhuq0bax4dgixqvluhzze,16614,Atlético Ottawa,Atlético Ottawa,ATO,Atlético,6lkj3o21cr4g7bql6tb3fk222,Canadian Premier League (Canada),1,5,5,1,4,4,0,1,2,4,1,2,0,0,0,0,1,0,1,0,2,1,0,1,2,3,55,20,401,156,170,1.43,1,1,1.15,3,2,1,8,9,29,3,3,60,14,1,1,600,59,8,9,7,42,77.30%,18,12,58,5,5,7,1,6,8,3,1,0,0,0,0,0,0,0,0,0,1,0,0,1,0,0,0,1,0,1,0,0,0,0,1,0,0,4,0,4,19,144,196,260,20,35.70%,81.30%,173,67,86,81,201,119,66.70%,21,0.36,1,8,32,32,9,1,1.4,0.03,1.4,0.03,1.43,8,4,0.13,11,0.38,0.43,44.20%,11,22,6,12,6,16614,,VAL vs ATO,FALSE,TRUE,TRUE,FALSE,FALSE,6/2/2022,7wpldl58asy67q11lvle4a5g4,dd2vf0yzjm7jm7cak9tf11sa2,15378,15378,Atlético Ottawa,Valour,VAL,1,0,Played,W 1-0,2276248,VAL vs ATO (2022-06-02)
26,c2pdzdl3dgf5b0siidn2ay5ii,15377,Forge,Forge,FOR,Forge,6lkj3o21cr4g7bql6tb3fk222,Canadian Premier League (Canada),1,4,4,1,7,4,3,1,0,2,0,2,1,1,0,0,3,0,3,0,0,1,2,1,4,4,53,25,629,294,257,1.73,4,2,0.83,3,2,0,8,8,25,3,1,50,10,1,0,814,55,9,14,7,33,79.30%,3,0,55,3,3,6,2,5,6,3,0,1,0,0,1,2,3,3,0,1,0,0,0,0,0,0,0,0,0,0,0,0,0,0,0,0,0,2,2,4,15,198,196,420,22,29.30%,87.60%,317,108,126,125,352,152,31.30%,16,0.82,3,16,16,16,14,3,0.94,0.79,0.94,0.79,0.94,6,1,0.17,10,0.25,0.31,43.30%,17,17,2,12,2,15377,,EDM vs FOR,FALSE,TRUE,TRUE,FALSE,FALSE,6/1/2022,7wjjm07b8b8eho2bvjlmz0ums,73xrv2025rnj0t3y9ayp83bec,6925,6925,Forge,Edmonton,EDM,4,3,Played,W 4-3,2276247,EDM vs FOR (2022-06-01)
26,cqthcpums3aas2tdy0qhlkuwa,15382,York United,York United,YRK,York,6lkj3o21cr4g7bql6tb3fk222,Canadian Premier League (Canada),1,5,5,0,2,1,1,3,3,6,1,2,0,0,0,0,0,0,0,0,3,0,0,0,1,4,68,20,391,170,133,0.93,0,0,0.34,1,1,4,4,8,17,0,0,56,7,1,0,607,51,7,13,13,50,57.10%,17,9,53,6,4,7,3,6,7,4,0,0,0,0,0,0,1,1,0,0,5,0,0,2,1,0,0,5,2,3,2,1,0,2,2,0,1,1,1,2,8,133,204,270,21,34.30%,77.50%,158,31,114,46,203,142,81.30%,16,1.76,0,23,27,27,18,5,0.56,0.37,0.56,0.37,0.93,8,2,0.07,14,0.17,0.07,36.40%,19,15,14,14,14,15382,,YRK vs HFX,TRUE,FALSE,FALSE,FALSE,TRUE,4/7/2022,7snp2xnuij3sfcod749flhes4,5gmx3o5y2oc0i6rowjwtu7jvu,15376,15376,York United,HFX Wanderers,HFX,0,1,Played,L 0-1,2276216,YRK vs HFX (2022-04-07)
26,cqthcpums3aas2tdy0qhlkuwa,15382,York United,York United,YRK,York,6lkj3o21cr4g7bql6tb3fk222,Canadian Premier League (Canada),1,2,2,0,0,0,0,2,1,8,4,3,0,0,1,0,0,0,0,0,2,0,0,0,3,3,76,24,280,93,87,0.56,0,0,0.42,1,1,2,6,8,14,1,0,43,5,0,0,486,65,3,17,22,58,64.50%,15,6,62,6,4,5,1,3,5,5,0,0,0,0,0,0,1,1,0,0,0,0,0,0,0,0,0,0,0,0,0,0,0,0,0,0,0,0,1,0,11,130,173,183,19,43.60%,64.30%,86,28,66,47,131,102,32.10%,28,1.62,0,31,39,39,16,3,0.28,0.28,0.28,0.28,0.56,8,6,0.05,11,0.32,0.38,39.10%,13,23,18,15,18,15382,,HFX vs YRK,FALSE,TRUE,FALSE,FALSE,TRUE,6/4/2022,7wtvfsqbligsp1ot5eov65tec,5gmx3o5y2oc0i6rowjwtu7jvu,15376,15376,York United,HFX Wanderers,HFX,0,1,Played,L 0-1,2276249,HFX vs YRK (2022-06-04)
26,5gmx3o5y2oc0i6rowjwtu7jvu,15376,HFX Wanderers,HFX Wanderers,HFX,Wanderers,6lkj3o21cr4g7bql6tb3fk222,Canadian Premier League (Canada),1,3,3,1,6,3,3,0,2,3,0,2,1,1,0,0,1,0,0,0,1,0,0,1,0,8,44,31,415,189,151,1.76,1,0,0.79,1,0,2,6,8,27,2,1,51,15,0,0,642,57,10,7,18,54,68.00%,18,9,62,6,3,8,3,6,7,4,1,0,0,0,1,2,0,0,0,1,2,0,0,0,1,0,0,2,1,1,1,1,0,0,1,0,0,2,1,4,10,125,249,268,18,38.30%,81.90%,174,51,115,63,204,148,18.80%,16,0.93,1,15,41,41,11,2,0.63,1.13,0.63,1.13,0.97,8,6,0.16,11,0.13,0.09,34.30%,15,29,14,14,14,15376,,YRK vs HFX,FALSE,TRUE,TRUE,FALSE,FALSE,4/7/2022,7snp2xnuij3sfcod749flhes4,cqthcpums3aas2tdy0qhlkuwa,15382,15382,HFX Wanderers,York United,YRK,1,0,Played,W 1-0,2276216,YRK vs HFX (2022-04-07)
26,5gmx3o5y2oc0i6rowjwtu7jvu,15376,HFX Wanderers,HFX Wanderers,HFX,Wanderers,6lkj3o21cr4g7bql6tb3fk222,Canadian Premier League (Canada),1,3,3,0,5,4,1,4,3,5,2,1,0,0,0,0,2,0,0,0,2,1,2,0,3,4,86,24,332,122,100,1.52,2,1,0.82,4,3,4,4,8,22,3,1,71,15,0,0,535,57,5,10,13,48,78.90%,18,8,55,5,2,8,4,6,5,3,0,1,0,0,0,1,2,2,0,0,1,0,0,0,0,0,0,1,1,0,1,0,0,0,1,0,0,4,1,2,8,143,193,199,27,48.80%,66.90%,104,42,76,58,150,124,52.90%,51,1.45,1,22,33,33,8,7,0.81,0.72,0.81,0.72,1.52,8,1,0.09,17,0.18,0,51.10%,21,14,14,15,14,15376,,HFX vs CAV,TRUE,FALSE,FALSE,TRUE,FALSE,5/15/2022,7vmv1w4q6bsqu119wtrvrgums,41ewt71n8fqwy6trsqta1bjvu,15381,15381,HFX Wanderers,Cavalry,CAV,2,2,Played,T 2-2,2276239,HFX vs CAV (2022-05-15)
26,41ewt71n8fqwy6trsqta1bjvu,15381,Cavalry,Cavalry,CAV,Cavalry,6lkj3o21cr4g7bql6tb3fk222,Canadian Premier League (Canada),1,5,5,1,7,5,2,1,1,4,1,2,0,0,1,1,1,1,2,0,1,0,1,1,5,5,67,17,450,227,139,1.4,3,1,0.87,5,3,1,7,8,15,2,1,45,11,2,1,617,56,2,10,6,29,52.20%,11,8,51,6,1,8,4,3,5,2,1,0,0,0,0,1,0,0,0,0,1,0,1,0,0,0,0,1,0,1,0,0,1,0,0,0,0,5,0,0,18,128,156,333,22,34.00%,81.30%,230,47,89,60,278,112,52.60%,19,0.44,1,11,19,19,8,2,1.16,0.24,1.16,0.24,1.4,7,2,0.11,13,0.09,0,35.90%,19,11,12,17,12,15381,,EDM vs CAV,FALSE,TRUE,TRUE,FALSE,FALSE,5/7/2022,7v1exwbamyw4d18c7jr6a7b4k,73xrv2025rnj0t3y9ayp83bec,6925,6925,Cavalry,Edmonton,EDM,3,0,Played,W 3-0,2276234,EDM vs CAV (2022-05-07)
26,41ewt71n8fqwy6trsqta1bjvu,15381,Cavalry,Cavalry,CAV,Cavalry,6lkj3o21cr4g7bql6tb3fk222,Canadian Premier League (Canada),1,3,3,1,6,5,1,1,1,3,2,1,1,0,0,0,2,0,1,0,1,1,1,1,4,3,58,29,425,221,117,1.63,2,0,0.52,3,0,2,6,8,16,3,1,48,7,0,0,616,43,5,8,9,37,68.40%,12,8,64,4,0,5,2,1,7,3,0,0,0,0,1,1,1,1,0,1,2,0,0,0,2,0,0,2,1,1,1,1,0,0,0,0,0,1,2,4,14,156,240,220,35,28.70%,79.50%,143,47,148,71,171,183,66.70%,27,1.02,2,18,23,23,10,4,0.49,1.15,0.49,1.15,0.84,8,2,0.15,11,0.11,0.08,51.10%,21,18,11,18,11,15381,,CAV vs VAL,TRUE,FALSE,TRUE,FALSE,FALSE,5/21/2022,7vz7ogr3qot0jitz8g3mi79jo,dd2vf0yzjm7jm7cak9tf11sa2,15378,15378,Cavalry,Valour,VAL,2,1,Played,W 2-1,2276242,CAV vs VAL (2022-05-21)
26,dn8tjhuq0bax4dgixqvluhzze,16614,Atlético Ottawa,Atlético Ottawa,ATO,Atlético,6lkj3o21cr4g7bql6tb3fk222,Canadian Premier League (Canada),1,5,5,1,3,2,1,1,0,6,3,3,0,0,0,0,1,0,1,1,1,2,0,0,1,5,51,15,372,180,126,0.7,1,1,0.61,0,0,1,7,8,10,2,1,39,4,1,1,563,41,6,8,10,39,53.80%,15,4,51,1,0,9,3,3,10,2,1,0,0,0,0,0,0,0,0,0,5,0,0,1,2,2,0,3,3,2,2,2,0,0,3,0,0,2,2,2,7,154,166,243,17,31.50%,82.30%,148,52,106,70,179,123,38.50%,13,1.05,0,28,22,22,13,4,0.68,0.02,0.68,0.02,0.7,7,0,0.07,10,0.21,0.17,30.00%,14,20,11,8,11,16614,,ATO vs HFX,TRUE,FALSE,TRUE,FALSE,FALSE,4/16/2022,7tezpc35kcxh7vuq3gncvjvo4,5gmx3o5y2oc0i6rowjwtu7jvu,15376,15376,Atlético Ottawa,HFX Wanderers,HFX,1,0,Played,W 1-0,2276221,ATO vs HFX (2022-04-16)
34,73xrv2025rnj0t3y9ayp83bec,6925,Edmonton,Edmonton,EDM,Edmonton,6lkj3o21cr4g7bql6tb3fk222,Canadian Premier League (Canada),1,4,4,0,5,3,2,0,2,4,2,1,0,0,2,0,0,0,0,0,1,1,0,0,1,6,53,26,261,103,79,0.5,0,0,0.33,0,0,3,4,7,25,2,0,49,11,0,0,465,56,10,7,12,45,60.70%,16,4,48,2,2,8,4,5,4,0,1,0,0,0,0,0,0,0,0,0,3,1,1,0,0,0,0,2,2,1,1,1,0,2,1,0,0,1,3,0,8,98,176,191,11,47.10%,69.70%,92,21,69,33,123,105,42.10%,19,1.56,0,12,26,26,15,4,0.26,0.23,0.26,0.23,0.5,7,5,0.05,11,0.42,0.2,30.00%,8,20,11,10,11,6925,,EDM vs PAC,TRUE,FALSE,FALSE,TRUE,FALSE,4/28/2022,7u8xsns4wvcrxlyqm50founf8,b3436h8h14zw7f1uv6w9vqf6y,15380,15380,Edmonton,Pacific,PAC,0,0,Played,T 0-0,2276228,EDM vs PAC (2022-04-28)
34,c2pdzdl3dgf5b0siidn2ay5ii,15377,Forge,Forge,FOR,Forge,6lkj3o21cr4g7bql6tb3fk222,Canadian Premier League (Canada),1,4,4,1,3,3,0,2,0,4,1,2,1,1,0,0,3,0,2,0,2,0,1,2,3,2,49,14,529,190,276,2.7,3,2,1.89,5,4,3,4,7,23,3,0,61,13,1,0,713,46,7,13,7,35,69.00%,8,3,48,3,2,6,5,4,11,2,1,0,0,0,0,2,0,0,0,1,1,0,0,0,1,0,0,1,1,0,0,1,0,0,0,0,0,1,1,2,15,204,145,364,29,29.70%,88.10%,264,115,87,132,297,100,72.70%,11,1.08,3,11,15,15,15,5,1.29,1.41,1.29,1.41,1.91,5,0,0.3,9,0.27,0.5,36.70%,18,11,8,22,8,15377,,FOR vs PAC,TRUE,FALSE,TRUE,FALSE,FALSE,6/12/2022,7xalg1ec3gwvx9usvsss4j28k,b3436h8h14zw7f1uv6w9vqf6y,15380,15380,Forge,Pacific,PAC,3,0,Played,W 3-0,2276253,FOR vs PAC (2022-06-12)
34,cqthcpums3aas2tdy0qhlkuwa,15382,York United,York United,YRK,York,6lkj3o21cr4g7bql6tb3fk222,Canadian Premier League (Canada),1,3,3,1,6,3,3,0,3,3,0,2,0,0,0,0,1,0,1,0,1,0,1,0,3,5,49,15,289,128,97,1.54,1,1,1.23,3,2,1,6,7,24,2,2,59,13,2,1,505,53,12,15,4,50,71.10%,15,9,54,10,1,8,2,5,4,4,1,1,0,0,1,1,0,0,0,0,2,0,0,1,1,0,0,2,1,1,1,0,0,1,0,0,0,4,1,4,8,114,202,189,16,37.70%,77.90%,110,31,84,44,132,113,57.10%,14,0.47,1,13,37,37,8,5,1.3,0.23,1.3,0.23,1.54,6,4,0.13,12,0.15,0.13,35.40%,11,20,22,7,22,15382,,YRK vs FOR,TRUE,FALSE,TRUE,FALSE,FALSE,5/6/2022,7ux6tmhied1j3wi5ao0kw6sk4,c2pdzdl3dgf5b0siidn2ay5ii,15377,15377,York United,Forge,FOR,1,0,Played,W 1-0,2276233,YRK vs FOR (2022-05-06)
34,b3436h8h14zw7f1uv6w9vqf6y,15380,Pacific,Pacific,PAC,Pacific,6lkj3o21cr4g7bql6tb3fk222,Canadian Premier League (Canada),1,3,3,0,3,2,1,5,0,2,1,1,0,0,0,0,0,0,0,0,0,0,0,0,3,2,74,21,654,367,192,1.56,0,0,1.02,3,2,0,7,7,20,2,1,56,11,1,0,848,49,7,14,8,47,65.60%,17,9,49,5,4,4,2,2,8,1,1,0,0,0,0,2,0,0,0,0,5,0,1,2,1,0,0,5,3,2,1,1,1,3,0,0,0,2,0,2,9,137,318,393,22,28.90%,85.50%,292,52,215,70,336,248,57.90%,19,0.5,0,16,31,31,13,3,1.47,0.09,1.47,0.09,1.56,7,2,0.16,10,0.19,0.3,44.10%,16,15,10,11,10,15380,,EDM vs PAC,FALSE,TRUE,FALSE,TRUE,FALSE,4/28/2022,7u8xsns4wvcrxlyqm50founf8,73xrv2025rnj0t3y9ayp83bec,6925,6925,Pacific,Edmonton,EDM,0,0,Played,T 0-0,2276228,EDM vs PAC (2022-04-28)
34,b3436h8h14zw7f1uv6w9vqf6y,15380,Pacific,Pacific,PAC,Pacific,6lkj3o21cr4g7bql6tb3fk222,Canadian Premier League (Canada),1,3,3,1,2,2,0,0,3,3,3,0,0,0,0,0,1,0,1,1,0,1,0,0,0,4,75,20,577,222,260,1.22,1,0,0.84,2,1,0,7,7,21,0,0,45,14,0,0,758,55,4,8,17,44,60.00%,15,8,54,3,2,6,1,1,6,2,1,0,0,0,0,1,0,0,0,0,10,0,0,4,7,1,0,9,10,0,3,3,0,2,0,0,0,1,3,2,15,185,194,379,11,32.40%,83.50%,293,96,93,121,330,126,42.30%,26,1.49,1,15,29,29,14,1,0.53,0.69,0.53,0.69,1.22,7,7,0.15,8,0.07,0.08,27.10%,19,17,19,11,19,15380,,ATO vs PAC,FALSE,TRUE,TRUE,FALSE,FALSE,5/7/2022,7v9u5fh5vipqr6u1sv48vh2j8,dn8tjhuq0bax4dgixqvluhzze,16614,16614,Pacific,Atlético Ottawa,ATO,1,0,Played,W 1-0,2276236,ATO vs PAC (2022-05-07)
34,b3436h8h14zw7f1uv6w9vqf6y,15380,Pacific,Pacific,PAC,Pacific,6lkj3o21cr4g7bql6tb3fk222,Canadian Premier League (Canada),1,4,4,0,4,2,2,2,2,2,1,0,0,0,0,0,1,1,1,1,0,1,0,1,3,2,59,25,376,198,94,0.82,2,1,0.76,1,1,3,4,7,19,1,1,53,4,0,0,580,42,8,12,11,53,80.00%,21,12,51,1,3,7,4,4,9,1,0,0,0,0,0,0,2,1,1,0,3,0,0,2,0,1,0,2,2,1,0,1,0,2,0,0,0,2,0,8,3,112,252,216,16,42.00%,77.70%,124,30,138,40,159,177,50.00%,24,2.75,1,35,37,37,14,2,0.42,0.39,0.42,0.39,0.82,6,5,0.08,10,0.17,0.13,38.50%,11,25,11,13,11,15380,,PAC vs VAL,TRUE,FALSE,FALSE,TRUE,FALSE,5/28/2022,7wbfumbhncegii9hi6bdw2zv8,dd2vf0yzjm7jm7cak9tf11sa2,15378,15378,Pacific,Valour,VAL,2,2,Played,T 2-2,2276245,PAC vs VAL (2022-05-28)
34,dd2vf0yzjm7jm7cak9tf11sa2,15378,Valour,Valour,VAL,Valour,6lkj3o21cr4g7bql6tb3fk222,Canadian Premier League (Canada),1,3,3,0,3,2,1,4,2,6,4,2,0,0,1,0,0,0,0,0,0,0,0,0,4,5,80,28,449,204,137,0.62,0,0,0.36,0,0,0,7,7,20,0,0,55,8,1,1,647,61,6,15,12,48,72.40%,15,5,66,6,1,5,3,3,7,0,1,1,0,0,3,2,0,0,0,0,5,0,0,2,2,1,0,4,3,2,2,1,0,2,1,0,0,3,0,2,11,136,206,305,13,37.00%,75.90%,202,40,99,63,252,134,40.60%,32,1.45,0,14,31,31,14,3,0.54,0.08,0.54,0.08,0.62,7,3,0.04,15,0.07,0.1,39.60%,21,26,21,19,21,15378,,VAL vs HFX,TRUE,FALSE,FALSE,TRUE,FALSE,5/7/2022,7v5k14cw4jq747xcvp00ya13o,5gmx3o5y2oc0i6rowjwtu7jvu,15376,15376,Valour,HFX Wanderers,HFX,0,0,Played,T 0-0,2276235,VAL vs HFX (2022-05-07)
34,dd2vf0yzjm7jm7cak9tf11sa2,15378,Valour,Valour,VAL,Valour,6lkj3o21cr4g7bql6tb3fk222,Canadian Premier League (Canada),1,2,2,1,4,2,2,1,2,2,1,0,0,0,1,0,0,1,1,0,0,0,0,1,1,5,79,30,443,180,154,0.52,1,1,0.39,0,0,1,6,7,20,0,0,58,13,1,0,672,46,4,10,14,51,58.30%,21,7,67,4,3,5,2,5,9,4,1,1,0,0,0,3,0,0,0,0,3,0,0,2,1,0,0,3,2,1,1,0,0,1,1,0,0,3,1,6,11,172,238,262,18,41.50%,75.40%,150,66,118,89,200,154,60.00%,25,1.58,0,15,36,36,12,3,0.36,0.16,0.36,0.16,0.52,6,2,0.06,9,0.13,0.09,45.10%,27,31,21,23,21,15378,,VAL vs YRK,TRUE,FALSE,TRUE,FALSE,FALSE,5/15/2022,7vr03vkxl0logctgpffg250yc,cqthcpums3aas2tdy0qhlkuwa,15382,15382,Valour,York United,YRK,1,0,Played,W 1-0,2276240,VAL vs YRK (2022-05-15)
34,dd2vf0yzjm7jm7cak9tf11sa2,15378,Valour,Valour,VAL,Valour,6lkj3o21cr4g7bql6tb3fk222,Canadian Premier League (Canada),1,3,3,0,4,3,1,0,1,5,2,1,0,0,0,0,1,0,0,1,1,1,0,0,1,6,73,31,387,174,109,1.02,1,1,0.91,2,2,3,4,7,14,0,0,43,6,0,0,572,48,13,8,11,50,75.00%,18,5,53,1,2,7,0,4,4,0,0,0,0,0,0,1,2,2,0,0,4,0,0,0,2,1,0,3,3,1,2,2,1,0,1,0,0,5,3,0,5,135,237,200,16,42.60%,73.10%,118,48,117,67,157,163,33.30%,27,1.63,1,16,39,39,7,4,0.59,0.43,0.59,0.43,1.02,6,2,0.1,10,0.13,0.09,48.80%,12,32,18,11,18,15378,,CAV vs VAL,FALSE,TRUE,FALSE,FALSE,TRUE,5/21/2022,7vz7ogr3qot0jitz8g3mi79jo,41ewt71n8fqwy6trsqta1bjvu,15381,15381,Valour,Cavalry,CAV,1,2,Played,L 1-2,2276242,CAV vs VAL (2022-05-21)
34,41ewt71n8fqwy6trsqta1bjvu,15381,Cavalry,Cavalry,CAV,Cavalry,6lkj3o21cr4g7bql6tb3fk222,Canadian Premier League (Canada),1,5,5,1,2,1,1,1,3,2,1,0,0,0,0,0,1,1,2,0,1,0,0,2,1,2,68,23,260,82,87,0.71,2,2,0.67,2,2,1,6,7,18,1,1,45,7,0,0,459,70,5,10,9,35,51.70%,11,5,44,7,7,7,3,3,5,0,1,0,0,0,1,0,0,0,0,0,4,1,3,0,1,0,0,3,3,1,0,1,2,1,0,0,0,3,1,2,9,132,158,169,20,51.20%,65.00%,69,37,63,56,107,97,41.90%,31,0.71,1,24,21,21,9,5,0.45,0.26,0.45,0.26,0.71,5,2,0.09,8,0.17,0.08,37.50%,18,22,13,15,13,15381,,CAV vs PAC,TRUE,FALSE,TRUE,FALSE,FALSE,5/1/2022,7ur4orlhisk0fcdshmcs4pdsk,b3436h8h14zw7f1uv6w9vqf6y,15380,15380,Cavalry,Pacific,PAC,2,0,Played,W 2-0,2276232,CAV vs PAC (2022-05-01)
34,41ewt71n8fqwy6trsqta1bjvu,15381,Cavalry,Cavalry,CAV,Cavalry,6lkj3o21cr4g7bql6tb3fk222,Canadian Premier League (Canada),1,5,5,1,3,2,1,2,0,3,2,1,0,0,0,0,1,0,1,0,0,0,0,1,2,4,49,14,450,238,149,1.76,1,0,1.47,2,1,0,7,7,23,2,1,54,12,0,0,627,48,9,12,7,42,75.00%,14,5,46,4,1,9,1,6,8,1,1,0,0,0,1,2,0,0,0,0,1,0,0,1,0,0,0,1,1,0,0,0,0,0,1,0,0,4,2,6,11,112,235,280,17,34.90%,86.00%,192,50,145,59,223,168,37.50%,16,1.71,1,14,29,29,10,3,1.76,0,1.76,0,1.76,7,1,0.22,8,0.07,0.09,13.50%,5,13,8,16,8,15381,,YRK vs CAV,FALSE,TRUE,TRUE,FALSE,FALSE,5/29/2022,7wfk5kdm927rshfkuvaw1tvkk,cqthcpums3aas2tdy0qhlkuwa,15382,15382,Cavalry,York United,YRK,1,0,Played,W 1-0,2276246,YRK vs CAV (2022-05-29)
45,73xrv2025rnj0t3y9ayp83bec,6925,Edmonton,Edmonton,EDM,Edmonton,6lkj3o21cr4g7bql6tb3fk222,Canadian Premier League (Canada),1,5,5,0,3,3,0,0,1,3,0,3,0,0,0,0,1,0,1,0,2,1,0,1,1,2,67,37,291,107,80,1.19,1,1,1.1,1,1,0,6,6,24,1,0,54,9,0,0,495,54,4,18,8,47,78.60%,17,8,57,2,2,7,1,4,5,0,0,0,0,0,0,0,1,0,1,0,2,0,0,2,0,0,0,2,1,1,0,0,0,1,1,0,0,0,2,2,18,89,211,195,13,49.80%,64.30%,89,22,76,29,127,135,68.40%,19,1.03,0,13,35,35,11,1,1.19,0,1.19,0,1.19,5,5,0.17,7,0.31,0.4,36.40%,15,34,23,7,23,6925,,EDM vs VAL,TRUE,FALSE,FALSE,TRUE,FALSE,4/10/2022,7t13lsa9fnok0ki08pgmy4a38,dd2vf0yzjm7jm7cak9tf11sa2,15378,15378,Edmonton,Valour,VAL,1,1,Played,T 1-1,2276218,EDM vs VAL (2022-04-10)
45,73xrv2025rnj0t3y9ayp83bec,6925,Edmonton,Edmonton,EDM,Edmonton,6lkj3o21cr4g7bql6tb3fk222,Canadian Premier League (Canada),1,5,5,0,3,2,1,2,2,1,0,1,1,1,0,0,1,0,0,0,0,0,0,1,1,3,70,23,279,92,94,1.01,1,0,0.2,1,0,2,4,6,23,1,1,47,9,1,0,489,65,8,10,25,59,69.20%,16,2,55,4,7,4,3,1,4,1,0,0,1,0,0,1,3,3,0,1,3,1,0,1,1,0,0,2,3,0,1,1,0,1,1,0,0,3,2,12,20,100,166,223,11,49.50%,66.70%,108,26,52,33,148,98,46.20%,26,2.85,1,14,36,36,21,2,0.17,0.84,0.17,0.84,0.22,6,3,0.13,8,0.14,0.1,31.00%,17,17,24,10,24,6925,,HFX vs EDM,FALSE,TRUE,FALSE,FALSE,TRUE,4/30/2022,7uhzvzsjqt3x7sbx714u496ok,5gmx3o5y2oc0i6rowjwtu7jvu,15376,15376,Edmonton,HFX Wanderers,HFX,1,3,Played,L 1-3,2276230,HFX vs EDM (2022-04-30)
45,73xrv2025rnj0t3y9ayp83bec,6925,Edmonton,Edmonton,EDM,Edmonton,6lkj3o21cr4g7bql6tb3fk222,Canadian Premier League (Canada),1,4,4,0,2,1,1,0,0,4,2,1,0,0,0,0,1,0,1,0,1,0,1,0,2,3,66,35,319,131,87,0.49,1,1,0.49,1,1,1,5,6,22,0,0,44,10,1,1,491,48,5,11,16,53,66.70%,21,13,54,2,5,3,0,4,5,2,0,0,0,0,0,1,1,1,0,0,4,0,1,2,0,1,0,3,2,2,0,1,0,2,2,0,0,2,2,6,6,74,207,210,7,45.10%,68.30%,120,27,71,33,161,125,36.00%,25,1.66,1,10,39,39,12,2,0.38,0.11,0.38,0.11,0.49,5,1,0.08,6,0.2,0.33,16.10%,6,29,31,8,31,6925,,VAL vs EDM,FALSE,TRUE,FALSE,TRUE,FALSE,6/5/2022,7x23jhdms5lxtkdtx8w1i153o,dd2vf0yzjm7jm7cak9tf11sa2,15378,15378,Edmonton,Valour,VAL,1,1,Played,T 1-1,2276251,VAL vs EDM (2022-06-05)
45,5gmx3o5y2oc0i6rowjwtu7jvu,15376,HFX Wanderers,HFX Wanderers,HFX,Wanderers,6lkj3o21cr4g7bql6tb3fk222,Canadian Premier League (Canada),1,5,5,0,2,1,1,1,0,4,3,1,0,0,0,0,0,0,0,0,0,0,0,0,1,5,49,24,416,235,108,0.29,0,0,0.25,0,0,0,6,6,12,1,0,50,3,1,0,615,59,14,16,22,72,65.20%,15,7,59,5,5,5,0,3,6,3,0,1,0,0,0,0,4,4,0,0,6,1,0,1,4,0,0,5,4,2,3,2,0,0,2,0,0,2,3,2,16,93,278,244,7,37.50%,82.50%,147,39,157,45,179,192,66.70%,12,3.11,0,6,50,50,15,7,0.29,0,0.29,0,0.29,6,2,0.04,7,0.17,0.17,33.30%,17,27,22,6,22,15376,,HFX vs FOR,TRUE,FALSE,FALSE,FALSE,TRUE,5/20/2022,7w7dgxwol442zyz8grc7u1ams,c2pdzdl3dgf5b0siidn2ay5ii,15377,15377,HFX Wanderers,Forge,FOR,0,4,Played,L 0-4,2276244,HFX vs FOR (2022-05-20)
45,41ewt71n8fqwy6trsqta1bjvu,15381,Cavalry,Cavalry,CAV,Cavalry,6lkj3o21cr4g7bql6tb3fk222,Canadian Premier League (Canada),1,4,4,0,3,3,0,2,0,5,1,1,0,0,0,0,2,0,0,0,2,0,0,0,3,1,81,24,377,159,113,1.45,2,2,1.31,1,1,4,2,6,9,0,0,57,4,0,0,572,71,3,11,13,43,48.30%,15,11,53,6,4,5,2,5,8,3,0,0,0,0,0,1,2,2,0,0,3,0,0,2,0,0,0,3,2,1,0,1,0,2,1,0,0,3,4,0,10,136,223,213,20,43.20%,72.10%,116,52,104,70,157,150,47.10%,51,1.52,1,23,29,29,13,1,0.31,1.14,0.31,1.14,1.45,5,6,0.14,10,0.39,0.38,37.80%,15,23,15,14,15,15381,,HFX vs CAV,FALSE,TRUE,FALSE,TRUE,FALSE,5/15/2022,7vmv1w4q6bsqu119wtrvrgums,5gmx3o5y2oc0i6rowjwtu7jvu,15376,15376,Cavalry,HFX Wanderers,HFX,2,2,Played,T 2-2,2276239,HFX vs CAV (2022-05-15)
50,73xrv2025rnj0t3y9ayp83bec,6925,Edmonton,Edmonton,EDM,Edmonton,6lkj3o21cr4g7bql6tb3fk222,Canadian Premier League (Canada),1,5,5,0,4,1,3,0,1,4,3,0,0,0,2,0,1,0,1,0,1,0,0,1,1,6,68,22,272,86,96,0.4,1,1,0.27,0,0,1,4,5,21,0,0,45,8,1,0,490,63,7,10,14,51,63.00%,19,11,63,3,1,9,2,2,5,0,0,0,0,0,0,1,1,0,1,0,6,0,0,4,3,0,1,6,2,4,1,0,0,1,2,0,1,0,2,0,15,111,168,211,10,50.40%,66.90%,100,25,57,41,138,93,47.80%,23,1.45,0,21,35,35,16,0,0.25,0.15,0.25,0.15,0.4,4,4,0.04,9,0.19,0.2,43.50%,19,22,19,9,19,6925,,EDM vs YRK,TRUE,FALSE,FALSE,TRUE,FALSE,4/16/2022,7tau4kgx1n5aze0tnawvhyq6s,cqthcpums3aas2tdy0qhlkuwa,15382,15382,Edmonton,York United,YRK,1,1,Played,T 1-1,2276220,EDM vs YRK (2022-04-16)
50,73xrv2025rnj0t3y9ayp83bec,6925,Edmonton,Edmonton,EDM,Edmonton,6lkj3o21cr4g7bql6tb3fk222,Canadian Premier League (Canada),1,5,5,0,3,2,1,1,2,4,3,1,1,1,1,0,1,0,0,0,0,0,0,1,0,7,66,16,390,158,150,1.16,1,0,0.27,2,1,0,5,5,30,2,0,57,17,0,0,593,50,7,10,13,48,65.40%,17,4,48,2,4,8,3,4,6,0,0,0,0,0,0,0,2,2,0,1,3,1,0,1,1,0,0,2,3,0,1,1,0,1,0,1,0,4,4,2,9,139,198,256,21,38.50%,79.00%,153,56,99,70,199,121,52.60%,19,2.54,1,17,34,34,11,3,0.23,0.93,0.23,0.93,0.37,5,5,0.12,10,0.24,0.29,35.70%,16,15,14,17,14,6925,,EDM vs ATO,TRUE,FALSE,FALSE,FALSE,TRUE,5/22/2022,7w3cr8d8o97ighxffac7o2qdw,dn8tjhuq0bax4dgixqvluhzze,16614,16614,Edmonton,Atlético Ottawa,ATO,1,2,Played,L 1-2,2276243,EDM vs ATO (2022-05-22)
50,c2pdzdl3dgf5b0siidn2ay5ii,15377,Forge,Forge,FOR,Forge,6lkj3o21cr4g7bql6tb3fk222,Canadian Premier League (Canada),1,4,4,0,4,3,1,1,1,4,1,1,0,0,0,0,1,1,2,0,2,0,1,1,2,4,68,25,546,268,185,1.2,2,1,0.59,1,1,2,3,5,20,1,0,58,8,0,0,760,42,9,18,11,50,87.10%,12,6,54,2,2,4,6,3,10,2,0,0,0,0,0,1,2,1,1,0,4,0,0,1,1,1,0,3,2,2,1,2,0,1,2,0,0,1,1,2,15,136,235,389,17,32.20%,83.00%,267,47,139,67,314,165,50.00%,8,1.76,0,14,36,36,10,4,0.99,0.22,0.99,0.22,1.2,4,2,0.12,10,0.21,0.14,58.30%,13,24,12,15,12,15377,,FOR vs CAV,TRUE,FALSE,FALSE,TRUE,FALSE,4/16/2022,7tjgzzc4kxv7fgknwv8qd2djo,41ewt71n8fqwy6trsqta1bjvu,15381,15381,Forge,Cavalry,CAV,2,2,Played,T 2-2,2276222,FOR vs CAV (2022-04-16)
50,c2pdzdl3dgf5b0siidn2ay5ii,15377,Forge,Forge,FOR,Forge,6lkj3o21cr4g7bql6tb3fk222,Canadian Premier League (Canada),1,4,4,1,6,5,1,3,0,1,0,1,1,0,0,0,3,0,2,0,0,0,2,1,4,3,59,18,661,339,245,3.25,3,2,1.98,5,3,1,4,5,18,0,0,54,11,1,1,844,36,9,10,4,30,63.30%,7,3,57,2,0,5,2,6,7,6,1,0,0,0,0,1,0,0,0,1,0,0,0,0,0,0,0,0,0,0,0,0,0,0,0,0,0,2,0,2,9,154,218,472,23,30.10%,88.40%,371,69,144,84,416,161,75.00%,12,0,3,13,17,17,9,4,1.49,1.76,1.49,1.76,2.46,3,0,0.32,10,0.08,0.13,39.50%,14,13,11,11,11,15377,,FOR vs EDM,TRUE,FALSE,TRUE,FALSE,FALSE,4/23/2022,7tw4hh5toufvrtjk0srugqexg,73xrv2025rnj0t3y9ayp83bec,6925,6925,Forge,Edmonton,EDM,3,0,Played,W 3-0,2276225,FOR vs EDM (2022-04-23)
50,c2pdzdl3dgf5b0siidn2ay5ii,15377,Forge,Forge,FOR,Forge,6lkj3o21cr4g7bql6tb3fk222,Canadian Premier League (Canada),1,4,4,0,2,1,1,3,1,1,0,1,0,0,1,0,0,0,0,0,0,1,0,0,1,1,58,28,475,177,212,0.47,0,0,0.32,1,1,1,4,5,26,2,0,53,11,1,1,676,59,9,8,12,41,56.70%,12,3,57,5,2,4,1,10,8,3,0,0,0,1,0,0,1,1,0,0,5,1,0,2,2,1,0,3,2,3,2,1,1,1,1,0,0,3,3,2,13,188,181,307,24,34.30%,81.90%,214,84,91,107,254,114,42.90%,14,1.54,0,15,23,23,14,4,0.2,0.27,0.2,0.27,0.47,5,3,0.07,7,0.13,0.09,33.30%,10,21,7,22,7,15377,,YRK vs FOR,FALSE,TRUE,FALSE,FALSE,TRUE,5/6/2022,7ux6tmhied1j3wi5ao0kw6sk4,cqthcpums3aas2tdy0qhlkuwa,15382,15382,Forge,York United,YRK,0,1,Played,L 0-1,2276233,YRK vs FOR (2022-05-06)
50,b3436h8h14zw7f1uv6w9vqf6y,15380,Pacific,Pacific,PAC,Pacific,6lkj3o21cr4g7bql6tb3fk222,Canadian Premier League (Canada),1,5,5,1,6,5,1,0,1,1,0,1,0,0,1,0,2,0,1,1,1,1,0,1,1,4,57,30,300,115,98,1.19,2,2,1.02,2,2,1,4,5,16,0,0,56,8,0,0,486,49,13,11,23,68,63.20%,17,7,61,3,5,9,4,3,3,0,0,0,0,0,2,1,1,1,0,0,2,0,1,1,0,0,0,2,2,0,0,0,1,1,0,0,0,4,2,4,1,92,204,190,9,46.00%,71.00%,100,39,74,50,127,123,56.00%,25,1.16,2,5,42,42,22,4,0.78,0.42,0.78,0.42,1.19,3,1,0.15,8,0.4,0.25,16.10%,12,33,16,8,16,15380,,PAC vs FOR,TRUE,FALSE,TRUE,FALSE,FALSE,4/10/2022,7t6qnou0e2gtfpj8k9tq70x04,c2pdzdl3dgf5b0siidn2ay5ii,15377,15377,Pacific,Forge,FOR,2,1,Played,W 2-1,2276219,PAC vs FOR (2022-04-10)
50,b3436h8h14zw7f1uv6w9vqf6y,15380,Pacific,Pacific,PAC,Pacific,6lkj3o21cr4g7bql6tb3fk222,Canadian Premier League (Canada),1,5,5,1,2,2,0,0,2,2,0,1,1,1,0,0,2,0,1,1,0,1,0,1,1,2,67,24,508,263,154,1.31,2,1,0.52,2,1,1,4,5,25,2,1,65,13,0,0,716,62,6,22,11,50,68.30%,10,7,64,4,4,7,4,6,5,1,0,1,0,0,0,1,1,0,1,1,0,0,0,0,0,0,0,0,0,0,0,0,0,0,0,0,0,3,0,2,12,148,290,278,15,32.30%,82.10%,176,56,185,72,221,215,42.90%,21,0.11,2,8,29,29,10,11,0.39,0.92,0.39,0.92,0.52,4,2,0.22,6,0.13,0.25,34.00%,18,26,14,9,14,15380,,PAC vs HFX,TRUE,FALSE,TRUE,FALSE,FALSE,4/23/2022,7u07ertq4mqfut1tkj00ze2ac,5gmx3o5y2oc0i6rowjwtu7jvu,15376,15376,Pacific,HFX Wanderers,HFX,2,1,Played,W 2-1,2276226,PAC vs HFX (2022-04-23)
50,b3436h8h14zw7f1uv6w9vqf6y,15380,Pacific,Pacific,PAC,Pacific,6lkj3o21cr4g7bql6tb3fk222,Canadian Premier League (Canada),1,4,4,1,6,6,0,1,0,1,1,0,0,0,0,0,2,0,2,0,0,0,2,0,3,4,69,24,519,204,222,1.91,2,1,1.32,4,2,0,5,5,17,3,3,57,9,1,1,720,48,8,15,4,45,82.10%,18,6,56,3,2,10,2,2,3,4,0,1,0,0,0,0,1,1,0,0,0,0,0,0,0,0,0,0,0,0,0,0,0,0,0,0,0,2,1,6,16,219,196,305,21,34.30%,82.10%,224,96,106,119,260,140,72.00%,25,1.1,2,19,32,32,8,5,1.91,0,1.91,0,1.91,4,1,0.24,8,0.11,0,55.80%,25,17,11,17,11,15380,,PAC vs EDM,TRUE,FALSE,TRUE,FALSE,FALSE,5/14/2022,7vii4aj34j5iypa2x4aeprbx0,73xrv2025rnj0t3y9ayp83bec,6925,6925,Pacific,Edmonton,EDM,2,1,Played,W 2-1,2276238,PAC vs EDM (2022-05-14)
50,b3436h8h14zw7f1uv6w9vqf6y,15380,Pacific,Pacific,PAC,Pacific,6lkj3o21cr4g7bql6tb3fk222,Canadian Premier League (Canada),1,4,4,0,3,0,3,1,1,3,2,0,0,0,1,0,0,0,0,0,1,0,0,0,2,3,75,29,479,232,143,0.38,0,0,0.09,0,0,2,3,5,22,1,0,49,14,2,0,671,58,8,6,11,41,53.80%,16,8,48,6,2,9,3,4,7,1,1,0,0,0,0,1,0,0,0,0,1,0,0,1,1,0,0,1,0,1,0,0,0,0,0,0,0,3,1,2,9,145,267,259,12,37.00%,78.30%,157,54,164,79,197,203,33.30%,21,0.67,0,20,26,26,12,3,0.15,0.22,0.15,0.22,0.38,5,9,0.05,8,0.2,0.13,38.60%,9,16,10,17,10,15380,,PAC vs YRK,TRUE,FALSE,FALSE,TRUE,FALSE,5/21/2022,7vv5bqozh7lrbsj0ahldextlg,cqthcpums3aas2tdy0qhlkuwa,15382,15382,Pacific,York United,YRK,0,0,Played,T 0-0,2276241,PAC vs YRK (2022-05-21)
50,b3436h8h14zw7f1uv6w9vqf6y,15380,Pacific,Pacific,PAC,Pacific,6lkj3o21cr4g7bql6tb3fk222,Canadian Premier League (Canada),1,3,3,0,2,1,1,1,1,3,2,1,0,0,1,0,1,0,1,0,1,0,0,1,0,4,52,25,507,262,168,0.52,1,1,0.42,1,1,1,4,5,14,0,0,52,4,1,1,676,41,9,14,6,47,74.20%,17,10,53,0,0,7,1,4,6,1,0,0,0,0,0,0,2,2,0,0,1,0,0,1,0,0,0,1,0,1,0,0,0,0,1,0,0,3,2,4,6,115,234,327,14,34.10%,84.80%,251,52,127,59,284,164,53.80%,26,2.01,1,16,35,35,8,4,0.38,0.14,0.38,0.14,0.52,4,5,0.07,7,0.19,0.23,40.00%,12,24,14,8,14,15380,,ATO vs PAC,FALSE,TRUE,FALSE,FALSE,TRUE,6/5/2022,7wy39t7s4ahfcd8vhnv13q2hg,dn8tjhuq0bax4dgixqvluhzze,16614,16614,Pacific,Atlético Ottawa,ATO,1,2,Played,L 1-2,2276250,ATO vs PAC (2022-06-05)
50,dd2vf0yzjm7jm7cak9tf11sa2,15378,Valour,Valour,VAL,Valour,6lkj3o21cr4g7bql6tb3fk222,Canadian Premier League (Canada),1,3,3,0,5,3,2,0,2,4,1,1,0,0,1,0,1,0,1,1,1,2,0,0,3,3,90,12,618,295,221,1.66,1,0,0.74,2,1,1,4,5,21,0,0,48,8,3,0,802,44,5,10,13,34,60.00%,6,4,53,4,0,6,5,2,3,3,0,0,1,0,0,0,1,1,0,0,1,0,0,1,0,0,0,1,0,1,0,0,0,0,1,0,0,2,1,6,6,184,187,431,24,33.70%,83.50%,313,68,135,99,369,150,64.00%,25,0.49,1,24,17,17,15,2,1.22,0.44,1.22,0.44,1.66,5,0,0.15,11,0.25,0.18,50.00%,14,9,8,31,8,15378,,VAL vs EDM,TRUE,FALSE,FALSE,TRUE,FALSE,6/5/2022,7x23jhdms5lxtkdtx8w1i153o,73xrv2025rnj0t3y9ayp83bec,6925,6925,Valour,Edmonton,EDM,1,1,Played,T 1-1,2276251,VAL vs EDM (2022-06-05)
50,41ewt71n8fqwy6trsqta1bjvu,15381,Cavalry,Cavalry,CAV,Cavalry,6lkj3o21cr4g7bql6tb3fk222,Canadian Premier League (Canada),1,4,4,0,0,0,0,1,1,3,1,2,0,0,0,0,0,0,0,0,1,0,0,0,0,2,61,24,502,269,148,1.1,0,0,1.1,1,1,0,5,5,20,3,0,50,7,0,0,672,60,8,6,8,38,53.80%,14,8,55,5,4,7,1,6,6,3,0,0,0,0,0,1,2,1,1,0,5,0,0,1,3,0,0,5,3,2,0,4,1,1,0,0,0,5,1,4,9,132,230,310,19,32.50%,83.10%,222,45,150,60,264,178,57.10%,28,1.17,0,17,24,24,8,6,1.1,0,1.1,0,1.1,5,1,0.22,5,0.24,0.17,30.60%,21,13,14,14,14,15381,,YRK vs CAV,FALSE,TRUE,FALSE,FALSE,TRUE,4/22/2022,7trwq4h9nn6ifmk2gistxo5ck,cqthcpums3aas2tdy0qhlkuwa,15382,15382,Cavalry,York United,YRK,0,2,Played,L 0-2,2276224,YRK vs CAV (2022-04-22)
50,dn8tjhuq0bax4dgixqvluhzze,16614,Atlético Ottawa,Atlético Ottawa,ATO,Atlético,6lkj3o21cr4g7bql6tb3fk222,Canadian Premier League (Canada),1,5,5,1,4,3,1,2,2,2,1,1,1,1,1,0,1,0,0,0,0,1,0,1,1,4,70,21,385,176,118,1.67,1,0,0.32,1,0,0,5,5,15,1,0,49,5,1,0,583,49,10,6,15,60,64.00%,27,18,49,2,4,7,1,1,11,1,1,0,0,0,0,3,0,0,0,1,4,0,2,0,2,0,0,4,3,1,0,2,0,2,0,0,1,1,0,2,6,92,220,271,13,36.60%,76.40%,166,34,94,44,204,137,53.60%,28,1.34,1,15,45,45,14,1,0.84,0.83,0.84,0.83,0.88,5,2,0.17,10,0.2,0.23,43.50%,6,17,26,5,26,16614,,ATO vs CAV,TRUE,FALSE,TRUE,FALSE,FALSE,4/9/2022,7svngikxjdp572w3h94c27hg4,41ewt71n8fqwy6trsqta1bjvu,15381,15381,Atlético Ottawa,Cavalry,CAV,1,0,Played,W 1-0,2276217,ATO vs CAV (2022-04-09)
63,73xrv2025rnj0t3y9ayp83bec,6925,Edmonton,Edmonton,EDM,Edmonton,6lkj3o21cr4g7bql6tb3fk222,Canadian Premier League (Canada),1,2,2,0,1,1,0,0,1,5,3,1,0,0,1,0,1,0,0,0,0,0,0,0,1,4,59,40,340,149,92,1.1,1,0,0.17,1,0,1,3,4,17,0,0,48,5,0,0,535,57,7,14,13,50,70.00%,14,3,46,3,2,3,2,3,10,2,0,0,0,0,0,0,2,2,0,0,4,0,0,2,2,0,0,4,4,0,1,1,0,0,2,0,0,1,4,4,13,111,218,206,12,38.20%,70.90%,120,42,79,51,157,132,28.00%,25,1.91,1,13,41,41,4,5,0.13,0.97,0.13,0.97,1.1,4,1,0.16,7,0.15,0.22,29.70%,6,36,17,11,17,6925,,PAC vs EDM,FALSE,TRUE,FALSE,FALSE,TRUE,5/14/2022,7vii4aj34j5iypa2x4aeprbx0,b3436h8h14zw7f1uv6w9vqf6y,15380,15380,Edmonton,Pacific,PAC,1,2,Played,L 1-2,2276238,PAC vs EDM (2022-05-14)
63,b3436h8h14zw7f1uv6w9vqf6y,15380,Pacific,Pacific,PAC,Pacific,6lkj3o21cr4g7bql6tb3fk222,Canadian Premier League (Canada),1,3,3,0,4,3,1,0,2,3,1,1,0,0,2,0,0,0,0,0,2,1,0,0,2,2,74,24,441,228,115,0.71,0,0,0.2,1,0,2,2,4,21,0,0,70,14,0,0,654,45,6,13,10,50,73.10%,19,10,46,3,3,6,7,7,6,1,0,0,1,0,1,2,2,1,1,0,0,0,0,0,0,0,0,0,0,0,0,0,0,0,0,0,0,2,2,0,8,123,251,280,11,36.30%,77.80%,169,44,130,58,216,167,58.10%,31,0.71,0,15,34,34,12,4,0.54,0.17,0.54,0.17,0.71,4,4,0.08,9,0.2,0.1,39.30%,16,24,15,13,15,15380,,CAV vs PAC,FALSE,TRUE,FALSE,FALSE,TRUE,5/1/2022,7ur4orlhisk0fcdshmcs4pdsk,41ewt71n8fqwy6trsqta1bjvu,15381,15381,Pacific,Cavalry,CAV,0,2,Played,L 0-2,2276232,CAV vs PAC (2022-05-01)
63,dd2vf0yzjm7jm7cak9tf11sa2,15378,Valour,Valour,VAL,Valour,6lkj3o21cr4g7bql6tb3fk222,Canadian Premier League (Canada),1,4,4,0,1,0,1,3,1,1,1,0,0,0,0,0,0,0,0,0,0,0,0,0,2,0,66,21,485,239,159,0.36,0,0,0.26,0,0,1,3,4,14,0,0,59,5,0,0,671,60,13,19,7,49,69.60%,10,4,67,6,1,8,5,3,7,0,0,1,0,0,0,0,1,1,0,0,3,0,0,1,0,1,0,2,3,0,0,2,1,1,1,0,0,5,3,2,9,138,193,340,5,32.60%,82.10%,236,51,111,70,281,134,33.30%,21,1.43,0,16,30,30,15,4,0.3,0.05,0.3,0.05,0.36,4,3,0.06,6,0.06,0,40.00%,16,22,12,6,12,15378,,VAL vs ATO,TRUE,FALSE,FALSE,FALSE,TRUE,6/2/2022,7wpldl58asy67q11lvle4a5g4,dn8tjhuq0bax4dgixqvluhzze,16614,16614,Valour,Atlético Ottawa,ATO,0,1,Played,L 0-1,2276248,VAL vs ATO (2022-06-02)
63,41ewt71n8fqwy6trsqta1bjvu,15381,Cavalry,Cavalry,CAV,Cavalry,6lkj3o21cr4g7bql6tb3fk222,Canadian Premier League (Canada),1,5,5,0,6,3,3,1,1,2,0,2,0,0,0,0,1,1,2,0,0,0,2,0,6,2,65,19,367,159,124,1.76,2,1,0.59,1,1,0,4,4,20,0,0,42,4,0,0,549,58,11,15,15,59,76.50%,17,4,62,3,6,10,2,2,4,7,0,0,0,0,0,0,2,1,1,0,2,1,0,0,1,0,0,1,2,0,1,1,0,1,0,0,0,5,1,4,13,112,174,263,13,37.60%,77.10%,155,43,85,55,195,117,50.00%,8,1.2,0,6,33,33,23,3,1.67,0.1,1.67,0.1,1.76,3,2,0.18,10,0,0,34.90%,22,21,15,12,15,15381,,FOR vs CAV,FALSE,TRUE,FALSE,TRUE,FALSE,4/16/2022,7tjgzzc4kxv7fgknwv8qd2djo,c2pdzdl3dgf5b0siidn2ay5ii,15377,15377,Cavalry,Forge,FOR,2,2,Played,T 2-2,2276222,FOR vs CAV (2022-04-16)
63,dn8tjhuq0bax4dgixqvluhzze,16614,Atlético Ottawa,Atlético Ottawa,ATO,Atlético,6lkj3o21cr4g7bql6tb3fk222,Canadian Premier League (Canada),1,5,5,0,2,1,1,2,1,4,1,3,0,0,1,0,0,0,1,0,0,0,0,0,5,1,46,19,398,204,129,0.75,1,0,0.35,0,0,0,4,4,11,2,1,48,6,0,0,550,42,10,10,8,32,71.40%,4,3,52,4,3,7,2,1,12,2,0,0,0,0,0,0,6,5,1,0,3,0,0,0,3,0,0,3,3,0,0,3,0,0,0,0,0,1,5,2,8,116,144,290,20,30.90%,83.70%,200,47,86,61,231,106,43.80%,16,3.82,0,18,16,16,11,5,0.68,0.07,0.68,0.07,0.75,4,4,0.08,9,0.11,0.15,54.80%,15,11,12,13,12,16614,,ATO vs VAL,TRUE,FALSE,FALSE,FALSE,TRUE,4/24/2022,7u4m1n8m79feixw87wrpd6vis,dd2vf0yzjm7jm7cak9tf11sa2,15378,15378,Atlético Ottawa,Valour,VAL,1,6,Played,L 1-6,2276227,ATO vs VAL (2022-04-24)
63,dn8tjhuq0bax4dgixqvluhzze,16614,Atlético Ottawa,Atlético Ottawa,ATO,Atlético,6lkj3o21cr4g7bql6tb3fk222,Canadian Premier League (Canada),1,6,6,0,3,2,1,1,0,3,3,0,0,0,1,0,2,0,2,0,0,0,1,1,1,5,50,21,302,133,98,0.79,2,1,0.3,2,1,0,4,4,18,0,0,56,9,0,0,490,63,12,11,7,48,65.70%,17,11,54,3,3,8,1,4,11,0,0,1,0,0,1,1,2,2,0,0,1,0,0,1,1,0,0,1,1,0,0,0,0,0,0,0,0,2,2,4,22,70,198,222,3,41.70%,76.50%,119,24,88,35,144,123,47.10%,17,1.53,2,1,35,35,13,0,0.77,0.02,0.77,0.02,0.79,3,2,0.11,7,1,1,14.30%,6,26,25,5,25,16614,,YRK vs ATO,FALSE,TRUE,FALSE,TRUE,FALSE,4/29/2022,7ud9jfd1i3ydlzce7aiua7x90,cqthcpums3aas2tdy0qhlkuwa,15382,15382,Atlético Ottawa,York United,YRK,2,2,Played,T 2-2,2276229,YRK vs ATO (2022-04-29)
63,dn8tjhuq0bax4dgixqvluhzze,16614,Atlético Ottawa,Atlético Ottawa,ATO,Atlético,6lkj3o21cr4g7bql6tb3fk222,Canadian Premier League (Canada),1,5,5,0,2,2,0,0,1,4,2,2,0,0,1,0,1,0,1,0,0,0,0,1,1,5,46,17,259,118,78,0.54,1,1,0.41,1,1,0,4,4,17,0,0,46,9,0,0,454,51,7,6,10,59,54.20%,31,17,44,4,4,7,1,6,8,1,0,1,0,0,1,1,1,0,1,0,2,0,0,1,2,0,0,2,2,0,1,0,0,0,0,0,0,4,3,0,7,72,209,173,11,40.50%,75.70%,97,29,70,37,125,97,50.00%,20,1.58,1,7,52,52,6,1,0.48,0.06,0.48,0.06,0.54,3,11,0.08,7,0,0,40.70%,9,30,30,14,30,16614,,FOR vs ATO,FALSE,TRUE,FALSE,TRUE,FALSE,5/14/2022,7ve593zeywji6ty225c3mb9ck,c2pdzdl3dgf5b0siidn2ay5ii,15377,15377,Atlético Ottawa,Forge,FOR,1,1,Played,T 1-1,2276237,FOR vs ATO (2022-05-14)
70,73xrv2025rnj0t3y9ayp83bec,6925,Edmonton,Edmonton,EDM,Edmonton,6lkj3o21cr4g7bql6tb3fk222,Canadian Premier League (Canada),1,5,5,0,2,2,0,0,1,2,1,1,0,0,1,0,2,0,1,1,0,1,0,1,1,2,47,23,204,78,56,0.82,3,2,0.75,2,2,1,2,3,12,0,0,55,6,0,0,382,50,16,12,13,55,73.70%,12,7,37,5,2,7,2,2,6,2,0,0,1,0,0,0,4,4,0,0,4,0,0,1,3,0,0,4,1,3,1,2,0,1,0,0,0,1,3,2,18,65,140,177,4,46.10%,65.70%,76,15,43,23,101,80,68.80%,16,1.73,2,8,30,30,23,2,0.53,0.29,0.53,0.29,0.82,1,1,0.16,5,0.25,0.25,29.70%,7,27,12,2,12,6925,,EDM vs FOR,TRUE,FALSE,FALSE,FALSE,TRUE,6/1/2022,7wjjm07b8b8eho2bvjlmz0ums,c2pdzdl3dgf5b0siidn2ay5ii,15377,15377,Edmonton,Forge,FOR,3,4,Played,L 3-4,2276247,EDM vs FOR (2022-06-01)
71,b3436h8h14zw7f1uv6w9vqf6y,15380,Pacific,Pacific,PAC,Pacific,6lkj3o21cr4g7bql6tb3fk222,Canadian Premier League (Canada),1,2,2,0,1,1,0,0,0,4,1,2,0,0,1,0,0,0,0,0,1,0,0,0,0,4,47,17,401,231,106,1.08,0,0,0.24,1,0,0,2,2,22,1,1,46,9,0,0,569,61,10,14,6,46,64.90%,15,6,44,4,6,11,1,3,6,0,0,1,0,0,0,0,3,3,0,0,0,0,0,0,0,0,0,0,0,0,0,0,0,0,0,0,0,2,5,2,8,78,217,274,9,28.90%,84.00%,194,26,117,38,220,143,27.30%,11,2.7,0,10,35,35,8,3,0.96,0.12,0.96,0.12,1.08,2,2,0.22,5,0.1,0,25.00%,10,23,22,8,22,15380,,FOR vs PAC,FALSE,TRUE,FALSE,FALSE,TRUE,6/12/2022,7xalg1ec3gwvx9usvsss4j28k,c2pdzdl3dgf5b0siidn2ay5ii,15377,15377,Pacific,Forge,FOR,0,3,Played,L 0-3,2276253,FOR vs PAC (2022-06-12)
72,5gmx3o5y2oc0i6rowjwtu7jvu,15376,HFX Wanderers,HFX Wanderers,HFX,Wanderers,6lkj3o21cr4g7bql6tb3fk222,Canadian Premier League (Canada),1,4,4,0,1,0,1,0,2,1,1,0,0,0,2,1,0,1,0,0,0,0,0,1,1,1,68,37,432,219,108,0.11,1,0,0.01,0,0,0,1,1,30,0,0,62,13,0,0,647,65,3,20,15,52,63.90%,14,6,70,6,5,6,3,4,7,2,0,1,0,0,2,0,2,2,0,0,0,0,0,0,0,0,0,0,0,0,0,0,0,0,0,0,0,1,2,0,11,115,289,243,5,36.30%,75.70%,138,32,157,46,183,203,57.10%,21,1.31,0,12,33,33,12,7,0.05,0.07,0.05,0.07,0.11,1,2,0.03,4,0.08,0,44.00%,16,28,9,14,9,15376,,PAC vs HFX,FALSE,TRUE,FALSE,FALSE,TRUE,4/23/2022,7u07ertq4mqfut1tkj00ze2ac,b3436h8h14zw7f1uv6w9vqf6y,15380,15380,HFX Wanderers,Pacific,PAC,1,2,Played,L 1-2,2276226,PAC vs HFX (2022-04-23)
72,dd2vf0yzjm7jm7cak9tf11sa2,15378,Valour,Valour,VAL,Valour,6lkj3o21cr4g7bql6tb3fk222,Canadian Premier League (Canada),1,2,2,0,2,2,0,0,0,1,1,0,1,1,0,0,1,0,1,0,0,1,0,1,1,1,41,33,307,156,77,0.31,2,0,0.1,1,0,1,0,1,30,3,1,61,15,0,0,504,56,11,11,2,35,73.30%,11,8,51,3,3,6,6,5,6,1,0,1,0,0,0,0,3,3,0,1,5,0,0,1,2,1,0,4,4,1,1,3,0,1,2,0,1,1,8,2,13,125,206,173,14,37.80%,75.90%,76,41,116,51,107,149,43.80%,16,4,1,14,17,17,16,2,0.02,0.28,0.02,0.28,0.12,1,4,0.1,3,0.21,0.22,32.30%,10,31,16,8,16,15378,,PAC vs VAL,FALSE,TRUE,FALSE,FALSE,TRUE,4/17/2022,7tnrk7s1kn6cat4od23gqvl04,b3436h8h14zw7f1uv6w9vqf6y,15380,15380,Valour,Pacific,PAC,2,3,Played,L 2-3,2276223,PAC vs VAL (2022-04-17)
74,73xrv2025rnj0t3y9ayp83bec,6925,Edmonton,Edmonton,EDM,Edmonton,6lkj3o21cr4g7bql6tb3fk222,Canadian Premier League (Canada),1,5,5,0,0,0,0,0,0,0,0,0,0,0,0,0,0,0,0,0,0,0,0,0,0,0,59,23,301,115,104,0,0,0,0,0,0,0,0,0,18,0,0,36,11,1,0,457,54,5,10,18,46,57.70%,11,4,56,6,2,7,0,2,5,1,0,0,0,0,0,1,3,3,0,0,3,1,0,0,2,0,0,2,2,1,1,2,0,0,1,0,0,3,5,0,12,78,162,217,4,37.20%,72.80%,124,33,62,44,158,99,25.00%,12,3.25,0,8,30,30,13,3,0,0,0,0,0,0,2,-,0,0.13,0.14,29.70%,8,22,11,11,11,6925,,FOR vs EDM,FALSE,TRUE,FALSE,FALSE,TRUE,4/23/2022,7tw4hh5toufvrtjk0srugqexg,c2pdzdl3dgf5b0siidn2ay5ii,15377,15377,Edmonton,Forge,FOR,0,3,Played,L 0-3,2276225,FOR vs EDM (2022-04-23)
